latitude,longitude,date,ground_no2
36.87270059423681,-119.07433535580691,2024-01-01,18.928640131217644
39.75357153204958,-117.29049526310821,2024-01-01,20.05624721836992
38.65996970905702,-115.63527082061796,2024-01-01,108.637039740572
37.993292420985185,-116.3388755679522,2024-01-01,28.948881758810447
35.780093202212186,-115.96719426069275,2024-01-01,24.7579118636508
35.77997260168101,-116.70608316644642,2024-01-01,70.326838528799
35.290418060841,-116.53861717741074,2024-01-01,45.879430184648236
39.330880728874675,-115.7540217421734,2024-01-01,54.380970439855865
38.00557505871605,-118.75165995570407,2024-01-01,5.5217839463656
38.540362888980226,-117.5528751817843,2024-01-01,40.22165344616939
35.10292247147901,-118.89395279090199,2024-01-01,2.8581300303164054
39.84954926080997,-115.06165996001677,2024-01-01,7.4152792049612115
39.16221320400211,-115.27970330156694,2024-01-01,78.66103323180685
36.06169555339138,-119.80286594315747,2024-01-01,11.34728343217998
35.9091248360355,-116.47212413742156,2024-01-01,53.37826550977848
35.917022549267166,-115.37375841292167,2024-01-01,50.12846425400698
36.52121121479769,-119.09712327436333,2024-01-01,29.343905373469216
37.62378215816119,-117.16027384723685,2024-01-01,67.22850600470618
37.15972509321058,-115.4225585120598,2024-01-01,1.9943154920709105
36.45614570099021,-119.830270107071,2024-01-01,76.24229223208683
38.0592644736119,-116.5128986637658,2024-01-01,99.26954273892815
35.697469303260206,-118.51325496313724,2024-01-01,66.66427232821728
36.46072324267609,-115.37801902311735,2024-01-01,119.51562103857071
36.83180921646846,-115.14470877417315,2024-01-01,6.143423151500462
37.28034992108518,-115.27866755443283,2024-01-02,44.48765406256168
38.92587980696507,-117.62892891671268,2024-01-02,25.911844831588635
35.9983689107918,-115.68978674505344,2024-01-02,52.91446724970727
37.57117219206806,-115.77725300732465,2024-01-02,126.64553397016992
37.962072844310214,-118.40449763378372,2024-01-02,23.8595705503193
35.23225206359999,-115.85542262924662,2024-01-02,51.767251973515805
38.03772425950719,-119.81496182642253,2024-01-02,21.791241052821448
35.85262061843646,-117.01865060758973,2024-01-02,49.216124070776495
35.3252579649264,-118.84995581356148,2024-01-02,48.78096826104563
39.74442768626667,-119.3971655711136,2024-01-02,102.26086509510894
39.82816016537279,-119.61523399185396,2024-01-02,58.87123422516311
39.0419867405823,-116.5185561206093,2024-01-02,41.99917308328139
36.52306884586685,-118.30062518115967,2024-01-02,9.800602433612392
35.48836057003192,-116.3761661423562,2024-01-02,14.658533416404456
38.42116513256079,-119.67321829600529,2024-01-02,23.0412534769702
37.20076246869801,-118.42354831084695,2024-01-02,27.56052712705226
35.61019117422389,-117.30254353812332,2024-01-02,99.55466674500883
37.47588455055635,-116.04638417580519,2024-01-02,52.58008582764769
35.17194260557609,-118.40623748533964,2024-01-02,56.92546972788616
39.54660201039391,-116.87054311781496,2024-01-02,9.070947981334518
36.293899908000085,-115.57011125881907,2024-01-02,108.34223760667288
38.31261142176991,-116.92068405908847,2024-01-02,67.20982427965812
36.55855538044705,-118.83520262623183,2024-01-02,7.698716508766435
37.60034010588905,-119.87799609221732,2024-01-02,50.412344706393604
37.7335513967164,-115.64950563049536,2024-01-03,44.7392984465518
35.92427227762764,-119.89365294574806,2024-01-03,8.10919356279837
39.84792313882279,-115.626491636579,2024-01-03,56.231265070157555
38.875664116805574,-117.35531432986394,2024-01-03,49.262256912180646
39.697494707820944,-115.30466150743553,2024-01-03,20.85314890824958
39.47413675213824,-116.00608382113167,2024-01-03,93.65042000739003
37.98949989405543,-115.0103294473333,2024-01-03,84.51045519507598
39.609371175115584,-118.24644092274144,2024-01-03,51.63836019285439
35.442462510259595,-116.16405855534437,2024-01-03,54.624554390901956
35.97991431209572,-117.99034543195378,2024-01-03,34.92509871994408
35.226136444552694,-117.60062189848045,2024-01-03,80.7055743785066
36.626651653816324,-116.86247268390815,2024-01-03,67.98778429023709
36.94338644844741,-115.6316144290683,2024-01-03,7.883688440303531
36.35674515886948,-115.07958265400353,2024-01-03,51.87235563210835
39.14368754575965,-116.15863293067741,2024-01-03,89.20890584162304
36.78376663346795,-117.91116608916333,2024-01-03,53.59832367979545
36.404672548436906,-117.89321498861464,2024-01-03,4.045384700478138
37.713480415791246,-116.31208849205554,2024-01-03,83.390646428253
35.70462112487381,-118.80611427115849,2024-01-03,14.509846057063879
39.0109849037702,-119.44762943434303,2024-01-03,25.82431579604054
35.372753218398856,-118.22688921179612,2024-01-03,13.059659146981451
39.934434683002586,-118.5638050417296,2024-01-03,26.739288892788068
38.861223846483284,-118.51845939772005,2024-01-03,69.54762314276037
35.99357840767086,-118.83196124475045,2024-01-03,49.83311513626552
35.027610585618014,-119.7895340518182,2024-01-04,22.002270811774476
39.07730714227417,-119.91063032633294,2024-01-04,65.36823573311975
38.53428671923808,-115.06138805131984,2024-01-04,88.1530178669891
38.64503584020494,-117.86113433132068,2024-01-04,70.47985964939448
38.856351733429726,-118.07836676420159,2024-01-04,24.939520630185903
35.37022325867045,-116.60176358653464,2024-01-04,48.844076445549575
36.792328642721365,-118.90873056067468,2024-01-04,101.85044748080752
35.57934529762565,-115.25019408024887,2024-01-04,88.23927405927373
39.315517129377966,-116.06827492792225,2024-01-04,2.4487777481182484
38.11649063413779,-119.5529449884387,2024-01-04,7.557629142923234
36.65449012426325,-117.91209612107536,2024-01-04,44.52165006021955
35.31779175143012,-115.60440846218918,2024-01-04,90.05923416470007
36.55491160857831,-115.27633988854295,2024-01-04,58.65715272944109
36.625916610133736,-117.66299244375065,2024-01-04,35.39521755332693
38.64803089169032,-116.93294305394646,2024-01-04,11.52191041397111
38.18778735677606,-119.16483026953962,2024-01-04,70.3510724700092
39.436063712881634,-115.04415686931512,2024-01-04,72.83079888116009
37.36107462580975,-118.84164149308279,2024-01-04,28.587672275863543
35.59797122969151,-115.28634112932437,2024-01-04,58.5246663220798
38.56622393611497,-116.75176675503816,2024-01-04,120.93903079070176
38.803925243084485,-116.9613160256057,2024-01-04,22.690772537105783
37.806385987847484,-117.43655744491745,2024-01-04,40.62406802294364
38.85483589977281,-118.84665094141121,2024-01-04,26.24538281212935
37.46897798182195,-119.11735983997247,2024-01-04,83.68497492740555
37.61366414690997,-118.89756895464912,2024-01-05,69.38877602638296
37.137705091792746,-119.06780868927872,2024-01-05,46.083156690232805
35.12709563372048,-116.10207763216623,2024-01-05,67.18276674716276
35.539457134966526,-118.24937370416635,2024-01-05,48.85679278066406
35.15714592843367,-119.71078661718302,2024-01-05,64.55954302517483
38.1820520563189,-115.15448684929595,2024-01-05,43.753112844826674
36.57177990538163,-115.58107057518288,2024-01-05,20.145787227111892
37.54285345582351,-115.36123858402394,2024-01-05,74.32488651648981
39.537832369630465,-115.02546088676782,2024-01-05,67.98272143087132
36.24646114574438,-119.13052375390257,2024-01-05,23.446530079291925
37.05191461517815,-118.01878990548671,2024-01-05,61.452449925413624
38.777755692715246,-116.20880762147954,2024-01-05,76.73647401661036
36.14399082745811,-116.51989690973105,2024-01-05,34.02855685669113
35.38489954914397,-119.23052046830072,2024-01-05,93.39010367788892
36.44875726456884,-115.92083437504691,2024-01-05,15.931359508204526
35.80610643627002,-118.8777971408167,2024-01-05,25.27157470055148
39.64848826171286,-118.88091192588689,2024-01-05,17.40601005314516
39.040601897822086,-117.31512788553293,2024-01-05,72.83927978843836
38.16701878255212,-117.03530032579148,2024-01-05,66.10126331274995
39.35730295093859,-117.09956896081094,2024-01-05,18.93470492512378
39.01836038449557,-119.54256581301122,2024-01-05,52.073732786653444
35.93285029443018,-115.6126956868481,2024-01-05,45.50116011160632
39.462794992449886,-118.67199978705646,2024-01-05,9.310783252077456
37.696711209578254,-119.35242539358597,2024-01-05,92.04824988067679
39.03720077582031,-115.55625960065511,2024-01-06,100.00668448860702
39.48045649961747,-115.22174250885124,2024-01-06,39.07718063616671
36.59001737485932,-115.68936191367274,2024-01-06,98.68769538352889
35.550259622638386,-115.95241962637562,2024-01-06,51.28758031390368
36.13967581270971,-116.72379009680489,2024-01-06,93.09824070753302
37.13553894313128,-117.2457131469543,2024-01-06,66.07044260878335
39.090073829612464,-119.56506620044296,2024-01-06,47.110151208329334
39.30365291628172,-117.95773393464651,2024-01-06,14.386400594378198
35.034760652655955,-118.13655741493844,2024-01-06,78.90642838071636
37.55373651288783,-118.70123108119837,2024-01-06,54.16608419408623
37.08705501574389,-116.38289943155708,2024-01-06,14.10782372102173
36.11053905235365,-117.52062132460614,2024-01-06,1.2311511054700295
35.59932683666841,-119.59476892046176,2024-01-06,61.72888584718841
36.68807585701814,-118.89908399025094,2024-01-06,42.05010050793709
39.7145485195626,-116.58370618170203,2024-01-06,71.35019916170558
36.61601466010378,-119.6193457025485,2024-01-06,101.7674833529337
37.59395310871683,-115.74396542975616,2024-01-06,9.688501635801174
38.515094794475885,-117.52426736493013,2024-01-06,78.69114201134532
36.81814801189647,-117.59706711336676,2024-01-06,20.642153287483
39.858910413604804,-117.03796107670242,2024-01-06,66.5748084229062
39.81223647471056,-115.87659517037426,2024-01-06,103.81350724005765
36.25891147912682,-118.26095396048903,2024-01-06,42.15727683958277
37.486242529461926,-116.60991923720468,2024-01-06,82.72934839893628
36.50439154908385,-117.17134018002105,2024-01-06,26.999210366297493
36.42420247188734,-118.66485864915289,2024-01-07,59.37450012384503
35.184434736772666,-115.6068500682242,2024-01-07,93.00730218400896
38.047821669899484,-116.01286989196537,2024-01-07,52.92058801349796
37.51339511614431,-116.70774082670788,2024-01-07,29.748618100248045
35.25739375624995,-115.74709135452879,2024-01-07,47.7322235724757
36.393232321183056,-115.66352899520099,2024-01-07,88.67964666447087
39.54132942983327,-116.45818511642483,2024-01-07,38.95064450112833
36.19780945333486,-115.81493335818163,2024-01-07,13.247160326298134
35.724474360456114,-116.51264269165358,2024-01-07,90.95403730289624
37.44726380138781,-116.5992961411985,2024-01-07,101.93664759239226
39.928252270553,-116.90694310892408,2024-01-07,8.677055524839346
36.210276357557504,-116.23641680221179,2024-01-07,28.632720891410898
38.36067773702939,-119.20697447353463,2024-01-07,14.353288004950855
38.80809807664359,-115.59564620400536,2024-01-07,33.996794755100616
36.188187719961995,-115.64078236127384,2024-01-07,40.020910964583756
38.641081743059296,-119.8537635848272,2024-01-07,78.52051830451653
36.83891566359627,-115.87091624717618,2024-01-07,74.096263115164
38.161529152967894,-119.35565066263277,2024-01-07,58.774598523986725
38.167648553804476,-118.32440572870429,2024-01-07,37.96951103519981
37.67887342037379,-116.28245871854196,2024-01-07,94.20743749673436
35.451448850272044,-119.19620051975846,2024-01-07,53.09865692684171
39.17651247794619,-115.91016487940469,2024-01-07,71.59016145843793
36.60390032485868,-115.8393291102113,2024-01-07,77.10208839423333
35.93259255199927,-117.46266133119582,2024-01-07,12.310206091108322
35.20387570777382,-119.96807064141584,2024-01-08,57.97882132752442
37.95446471594121,-118.56480933412544,2024-01-08,27.47319781044962
38.38782180921141,-116.91536540812129,2024-01-08,67.93324708970746
35.08293914463928,-115.09406910986289,2024-01-08,8.580478369483531
37.560465291496406,-116.84093236491665,2024-01-08,16.211658732519755
36.13247887598969,-118.7009820946792,2024-01-08,98.39570345242362
38.22586395204725,-116.82997148450194,2024-01-08,17.22228317668135
35.87183214502496,-117.30007310142072,2024-01-08,82.50162102588388
38.45468869051233,-116.10077302424428,2024-01-08,36.1665797676088
36.933676731502686,-119.4650968058652,2024-01-08,74.71976527854383
39.683649943683676,-116.19486048748986,2024-01-08,57.35884840516073
35.687604720729965,-117.29366710661945,2024-01-08,51.309814015071346
36.705331755251294,-115.18503998070503,2024-01-08,25.651435449730656
35.56736760620294,-118.29063916980657,2024-01-08,20.110556023798978
39.623468091392816,-116.83689053433027,2024-01-08,3.876683934503267
39.386696766904905,-115.33985947244992,2024-01-08,35.34090851615427
36.289708138575776,-119.4874513600466,2024-01-08,54.660596098307536
38.2999202301709,-115.31385756381775,2024-01-08,117.600932278009
39.08611100100608,-116.56057138849593,2024-01-08,91.95919717068496
37.77600405799731,-119.66081470447413,2024-01-08,71.08733138084011
37.64825289178003,-118.49518216526592,2024-01-08,78.93630053678918
36.20926145450226,-116.4591395567736,2024-01-08,70.69073818712351
35.4655138390295,-119.66324699265614,2024-01-08,26.964008856526068
39.48607878976664,-117.08914769911863,2024-01-08,89.9795060183309
39.50209028581665,-118.27058471523522,2024-01-09,67.27174665604711
38.16550728636634,-116.89542241116261,2024-01-09,45.162948312190956
36.6951489552435,-119.77128983093743,2024-01-09,13.18155046461011
36.746047873063304,-115.64231596923813,2024-01-09,45.8257053330882
38.6297783943512,-115.13255515411302,2024-01-09,35.84570089556072
39.48555129976289,-115.15561072357154,2024-01-09,100.2629456189369
39.43543212132559,-116.25174084128538,2024-01-09,68.84850588543318
38.89937772928812,-119.34956879934684,2024-01-09,48.2494022987205
38.21015823077144,-116.20868402035488,2024-01-09,90.00342153047568
35.420699824975244,-119.87706541770599,2024-01-09,8.650712051624536
35.80814357047307,-119.88938224235501,2024-01-09,42.72132683011416
39.492770942635396,-118.3819489042523,2024-01-09,3.225669239080567
38.03214529829795,-117.55678404797668,2024-01-09,93.25695683580231
35.04598525808315,-116.14796291096103,2024-01-09,74.37776773411358
35.50735771433016,-116.58352311696747,2024-01-09,23.84964565386968
38.31750884554028,-117.77048646811626,2024-01-09,81.02590207599144
35.025307919231096,-118.63186666859167,2024-01-09,27.173334711026115
35.80404025708749,-115.01437749921145,2024-01-09,107.17922637277287
37.74366894683293,-117.86909348882014,2024-01-09,73.42006317172502
38.45947598846347,-117.74306487835162,2024-01-09,64.5906261636671
38.259806297513,-119.18188089404165,2024-01-09,1.5491506824355126
36.1213465473028,-116.02595225625035,2024-01-09,96.80750340619568
38.56089610673768,-116.53158887109255,2024-01-09,57.29599851256492
36.186245437484,-118.8961519360562,2024-01-09,32.516740906165424
36.62699849079634,-119.58809477192078,2024-01-10,86.21129440282627
38.73245702559012,-116.59750348962643,2024-01-10,31.778715046116677
38.248164495236075,-116.72744392859433,2024-01-10,110.19588697670231
39.24611705247089,-118.63370236500896,2024-01-10,14.042745807465893
38.28806446150172,-115.24568218874795,2024-01-10,89.20242718541122
37.841543016677356,-119.2447105410955,2024-01-10,45.787934396461615
35.46837383914046,-117.83832599478698,2024-01-10,7.5194481440327055
36.83857901529717,-115.281920399162,2024-01-10,21.319700074710912
36.326011838408625,-117.90136341536939,2024-01-10,1.534442676668832
36.21994821689542,-116.80737026167957,2024-01-10,60.153809359832785
39.86505277376223,-118.01202801018603,2024-01-10,36.62165358090931
36.965488623333805,-118.62892398825664,2024-01-10,45.83481951136608
39.460232775885565,-115.08011176020086,2024-01-10,37.70333180590662
38.15569312998632,-117.95332996842478,2024-01-10,28.612727610232778
38.97405651770824,-115.52950398160432,2024-01-10,52.43868459757993
37.51318546552596,-118.85022697054457,2024-01-10,4.647883876406172
37.88451942313179,-118.93447647987459,2024-01-10,65.69838702739692
37.46258846909432,-119.84432958557744,2024-01-10,87.47012146445842
35.976214938990225,-116.74166587312058,2024-01-10,60.31160572870591
38.61226057630753,-118.1573682813812,2024-01-10,58.376618786537705
36.403861812204276,-115.67820875080182,2024-01-10,95.28918155035217
35.121579832157266,-117.63395046654222,2024-01-10,22.634016350769638
38.22736147953584,-115.1590328604264,2024-01-10,8.664030130164615
35.885553397035245,-119.07237242148439,2024-01-10,23.003258987962777
39.702292921764574,-115.65688416022195,2024-01-11,94.68645391831673
39.769642885012935,-116.1170157360413,2024-01-11,4.310725125997797
39.57432195110224,-116.14539077677973,2024-01-11,44.984294076207505
36.850793501277224,-115.77608385941556,2024-01-11,101.4509886507156
35.077283082644335,-116.194880045285,2024-01-11,74.50607292472813
39.641592812938626,-116.86889839184292,2024-01-11,37.97358975830095
37.14092074158657,-119.34377561158806,2024-01-11,7.007678824722985
39.83327409521835,-119.83736910254375,2024-01-11,101.23323240893374
39.818099885446266,-115.39576076092156,2024-01-11,47.783006909823364
39.2650472773368,-116.91674842739631,2024-01-11,13.64769798554006
36.47224446034793,-116.01731354511912,2024-01-11,11.375854323411758
36.92548864300963,-117.59238824243725,2024-01-11,113.57639268525902
39.25568335758428,-119.41345905518803,2024-01-11,57.49574948786176
36.58461002578139,-119.37407103898725,2024-01-11,103.02825660200651
35.84746373343046,-116.57217356385515,2024-01-11,78.43987075094141
37.78400631229175,-117.84847052550269,2024-01-11,58.9727609481316
39.680773870803904,-118.99737636649832,2024-01-11,37.7893390139652
38.48014898337487,-117.54202726629282,2024-01-11,31.263176116186802
37.85030585044682,-119.67895531462433,2024-01-11,35.885451048074216
35.485882468853845,-117.090142990428,2024-01-11,42.01186944681285
38.07503613349585,-118.65503297782452,2024-01-11,66.07194321413058
39.950269250521316,-116.01220449681406,2024-01-11,49.011500861393216
35.70042007618262,-118.44819020538213,2024-01-11,98.35357592354342
37.59164826181868,-117.72389925459099,2024-01-11,31.04728320228688
39.38686535963978,-119.9418973004595,2024-01-12,71.85115833436572
38.70384308877102,-119.63776556102721,2024-01-12,47.19338121220256
38.48507870497634,-118.03753221796657,2024-01-12,48.21703306657871
38.512420419935545,-117.60030582641438,2024-01-12,65.46732825990304
36.79745575609878,-116.99989725940348,2024-01-12,23.52764432079436
36.46795922132247,-118.54168710645348,2024-01-12,46.77866274112955
39.04680577739257,-116.5250905693673,2024-01-12,9.301305925807915
39.0505669733959,-115.69938801405398,2024-01-12,49.153990467558174
39.33536159290052,-116.10074505553325,2024-01-12,52.90933174982438
39.56620276278235,-119.80190587325822,2024-01-12,46.57271068599049
37.55671199430469,-117.59746526371086,2024-01-12,91.07090722408219
37.507581473436,-119.47534910790912,2024-01-12,73.58006918280327
38.991475894833876,-118.78977492068736,2024-01-12,65.50123330488475
38.24981965388883,-115.06668703366427,2024-01-12,38.31086424881615
38.50983438628852,-119.28752228549243,2024-01-12,73.2409726563183
38.9789633471805,-117.50555923274322,2024-01-12,7.544409375780922
39.45002670908783,-116.9092213284094,2024-01-12,26.512372685321044
36.689975784257676,-116.48767514727948,2024-01-12,26.49292715339351
36.87791476319972,-117.20175658256542,2024-01-12,37.05762576125857
35.469909699204344,-119.95114576290408,2024-01-12,4.9005281221905665
37.89140070498087,-118.36769345878004,2024-01-12,11.547707579752473
35.17971136898371,-117.41144178307644,2024-01-12,27.74903015762351
37.3279900906623,-119.56066750427583,2024-01-12,99.76951060212384
37.713223173537884,-118.2468653439541,2024-01-12,28.830646036521806
36.432706260641424,-119.83398445604317,2024-01-13,61.17366599888603
37.95416630284505,-119.6071075142249,2024-01-13,23.63915695656647
35.15250124969525,-118.01538361899202,2024-01-13,69.22728551541654
35.186740943746074,-119.3364212297847,2024-01-13,20.96131923897718
39.11300280329829,-117.16229575869221,2024-01-13,15.80756807147951
36.80095320705632,-116.55267515431368,2024-01-13,51.43352529617498
35.63530256325942,-115.99706650445458,2024-01-13,0.4384972666121063
37.61121630027402,-118.99924877877595,2024-01-13,0.9863297925717391
38.849967765493055,-119.16258708870465,2024-01-13,17.418426970345987
36.07910513748421,-119.477160798328,2024-01-13,3.6445243606712734
38.114452379095,-116.81784875228182,2024-01-13,9.921869894758473
35.42673732496884,-116.4676213675655,2024-01-13,36.7200193308516
35.25840860584304,-119.8420692758718,2024-01-13,62.39476400573036
37.65677315784074,-115.31893876878155,2024-01-13,54.81312076872145
37.70317560805053,-119.74014358174264,2024-01-13,44.33668508563041
38.187149507491036,-117.29351832349465,2024-01-13,36.17692664119509
38.630456668613306,-116.45469740274542,2024-01-13,67.49171365453705
39.87926039731267,-115.64515438126958,2024-01-13,49.55686640935524
37.581501741505974,-116.42956533933786,2024-01-13,10.449359530778466
36.61478236470623,-115.99135958465104,2024-01-13,54.21191164581482
38.97593097384352,-118.30274903728596,2024-01-13,13.359782350234294
36.35416125631037,-115.92587443126745,2024-01-13,24.812158600008807
37.19485710352818,-119.59942576807663,2024-01-13,64.95478311147654
35.39228190671133,-115.52591671969736,2024-01-13,88.81724633979977
35.126753717077285,-117.26203811923132,2024-01-14,43.52925942160689
39.813242073389624,-115.91351115018753,2024-01-14,64.43574798984856
39.17990060256103,-117.7384085774085,2024-01-14,73.45287991685093
38.47987103046849,-116.78211152401738,2024-01-14,17.009560205231725
37.04476472207135,-117.36798669531943,2024-01-14,19.878890948279107
35.86647160035423,-116.34205239122335,2024-01-14,43.124966243792855
35.78218521335543,-119.59185008984706,2024-01-14,40.733481895205095
36.251214490822974,-119.69823958004719,2024-01-14,52.17294912879866
37.7461333235306,-118.76448382994927,2024-01-14,76.929094434669
38.57297961350031,-119.20227659943406,2024-01-14,72.77792683162568
38.300986883588656,-115.64108216703899,2024-01-14,60.14697624113798
36.39966948472971,-118.90393006320978,2024-01-14,34.702952375814476
39.77432640331597,-115.12067372090435,2024-01-14,61.026897402154454
38.689484583478844,-118.31552104114446,2024-01-14,77.9590565423694
37.771770262557006,-119.08941042155651,2024-01-14,68.05589548387265
38.05860373117176,-116.05150746428761,2024-01-14,0.1788743781126456
37.09800031213895,-116.70646112249563,2024-01-14,51.77018344266094
36.238654947505786,-117.5090214177343,2024-01-14,5.339019906975146
36.779863393256306,-117.22318224531185,2024-01-14,21.359407160956202
38.78923055232185,-116.40399110863868,2024-01-14,7.2440070422987715
35.07196744314878,-118.8577262933435,2024-01-14,76.3989193018109
35.58036320253458,-115.01833041971629,2024-01-14,69.42081675320951
35.230013210108766,-115.12603418926608,2024-01-14,10.434235385977955
35.203644011594854,-116.74837156826531,2024-01-14,32.25915030899117
39.277302920055035,-119.00228774535428,2024-01-15,33.29927024771898
38.51828929690012,-116.59885878784354,2024-01-15,31.77915739108748
37.37086914543663,-119.63900795510412,2024-01-15,13.22248316908228
35.48917080325501,-119.84673748897097,2024-01-15,42.739803363840224
37.45807937558416,-118.71158555744393,2024-01-15,95.13104841476711
37.36735885390283,-117.68688521630342,2024-01-15,6.658859892357932
35.866009349550076,-115.65863747295809,2024-01-15,8.950639339261679
37.16925824618986,-116.36415465116846,2024-01-15,35.24985022330781
36.992523671986866,-116.2864673940001,2024-01-15,94.88317191533459
38.07925049026108,-117.87253332775963,2024-01-15,57.541680204961324
38.17546825433822,-118.27032503726518,2024-01-15,66.03258240753011
35.22652004886022,-118.14480618507699,2024-01-15,35.55758946697715
36.87306307313236,-115.0617521813197,2024-01-15,66.72661289838182
38.12929957857118,-119.79945404293758,2024-01-15,1.2809706980786906
37.51568129290044,-115.66484251938776,2024-01-15,57.0955210049776
39.28244920594161,-117.10662295713803,2024-01-15,66.24255455855062
38.293468158094726,-117.80692290405204,2024-01-15,61.1211763651706
35.81467213540715,-116.37371169792432,2024-01-15,89.70060754837661
35.352843737002146,-117.56665529287649,2024-01-15,57.99489911066849
38.21209639103158,-115.6328838095917,2024-01-15,13.939913668080221
35.13255655270811,-115.4964906799437,2024-01-15,116.50288339131612
37.92887790636732,-117.89139536563272,2024-01-15,8.421523590456475
39.70115120712479,-118.61586101382474,2024-01-15,43.692615880817485
37.87737088937939,-117.03824835703318,2024-01-15,17.414895457183032
36.94084963103261,-115.43818327191654,2024-01-16,1.314296716995524
38.21644109221177,-118.94668905497167,2024-01-16,41.034726134998
37.29126445245758,-116.88516708218259,2024-01-16,30.22298455566204
37.72808394657967,-116.8421988995374,2024-01-16,58.794400840152484
39.70732404388262,-116.33443488792359,2024-01-16,57.03202203801272
36.93051318900387,-119.3421615743637,2024-01-16,4.041159707837584
39.80595281911957,-116.42087517658956,2024-01-16,12.250494675885575
39.52675320978032,-115.45483739667179,2024-01-16,58.51655544645008
35.97895567394648,-119.10158445564879,2024-01-16,27.91483140155881
35.34680650437583,-118.81228337538062,2024-01-16,90.4572260268037
35.50389000688713,-115.1430245297918,2024-01-16,72.0464063801101
35.09110912825775,-119.09511523645256,2024-01-16,91.322002976082
35.47221480377964,-115.72807453315211,2024-01-16,52.60852324149081
38.41503386708178,-117.53861071775982,2024-01-16,45.68036454748584
35.355943242301144,-118.76384462798411,2024-01-16,51.99181286616418
36.594878151468805,-115.64625049363744,2024-01-16,20.576993690268125
39.224376554847275,-117.77347372498667,2024-01-16,31.133291637760554
35.11635967867913,-117.42591323035155,2024-01-16,74.29646973406288
39.07234241294468,-118.20383315300117,2024-01-16,47.02074991143632
36.409273873867,-117.03524574282537,2024-01-16,60.1606173312041
35.59082413810828,-119.18238063707489,2024-01-16,78.83657297023952
38.483685826820754,-118.0445923167412,2024-01-16,69.0227938730656
38.14471423389942,-115.15293838832356,2024-01-16,118.45310971248023
39.387360067635264,-118.70933283649437,2024-01-16,44.67981231877814
38.67535521901943,-116.71631667729353,2024-01-17,35.472725561172844
39.017404651924245,-118.37404967887653,2024-01-17,52.12139916952152
36.410172862856534,-116.132634371567,2024-01-17,28.09193799618393
35.88719771889861,-119.34563169640825,2024-01-17,77.26943762115064
38.753073758204295,-115.15089477460728,2024-01-17,61.50983009029366
39.03417369633632,-117.7310522930818,2024-01-17,65.69345218754157
39.952525710003364,-118.81974768326768,2024-01-17,40.823206574043546
37.06308838455713,-119.63251626334994,2024-01-17,11.927473883311816
36.860090428963915,-119.15121047456229,2024-01-17,51.06747333902879
38.88206480370999,-117.40113025721992,2024-01-17,14.572364550142666
36.70401770126509,-118.31498411784357,2024-01-17,77.16521006369483
39.653786628017826,-115.85558317058695,2024-01-17,25.489951062498086
39.29206375921506,-117.84556238169097,2024-01-17,12.318150156335037
37.14497013687509,-118.75642863706184,2024-01-17,3.14793959825976
38.75435533895749,-116.91427506697985,2024-01-17,71.79055512121055
38.772714370423415,-116.46611391557278,2024-01-17,54.13294136061994
35.51561934417966,-119.16479046049525,2024-01-17,25.18292529296223
39.512764533397835,-119.16190391855841,2024-01-17,7.991351930436946
37.52626186223929,-119.81664286533228,2024-01-17,42.74250729572634
39.13228733053871,-116.31798992467179,2024-01-17,29.338837840805176
36.600248005153055,-116.68097736189097,2024-01-17,62.17097380688364
39.477616142481004,-117.62684562125094,2024-01-17,50.28504282226614
36.946008393670816,-115.77914775515401,2024-01-17,40.169724841670984
35.05418825740149,-115.97164923524973,2024-01-17,27.942558952428918
39.52690988209632,-117.07322817801624,2024-01-18,79.57929659221077
35.456433383930666,-115.65864359743371,2024-01-18,48.045628295539025
36.59656818795207,-118.97079394981616,2024-01-18,65.69653520899413
39.75030983525402,-119.44040190301136,2024-01-18,13.605713255985094
39.75303573468778,-118.65125194241506,2024-01-18,41.39595706174894
37.86718944061643,-119.71456571955342,2024-01-18,3.290860866399468
38.159186060848995,-117.34415235999484,2024-01-18,50.098353970388516
37.2422276098916,-115.3169715385252,2024-01-18,98.91238053716451
36.46605385849032,-119.80328229665746,2024-01-18,33.919941222150776
36.64332272684958,-119.38945042994986,2024-01-18,3.1551091930462363
38.36259228038519,-117.73900485858282,2024-01-18,2.3264708052544156
38.7618726471884,-115.33062491236048,2024-01-18,43.78319949849086
38.95789521862924,-118.41921947511625,2024-01-18,13.085888259963559
38.94809071397277,-117.46382595655804,2024-01-18,2.601529111656443
35.456030515243455,-119.79213570474803,2024-01-18,70.64743196048397
37.472101523512904,-119.25828399518956,2024-01-18,43.535149387755006
35.28779380008322,-115.06684938520577,2024-01-18,28.3895623104091
37.74764441161868,-115.17440651781978,2024-01-18,82.86391747621448
37.207652506866886,-119.97530009532795,2024-01-18,8.830881185838724
39.4385209137915,-115.2409410728838,2024-01-18,84.67329066038651
36.754575062760395,-116.8044003109225,2024-01-18,34.4811001226726
35.58533508213803,-115.6604085273999,2024-01-18,97.67737549545463
35.71495841026418,-117.72630072183071,2024-01-18,52.56061578109971
38.80755315858736,-117.42201985710375,2024-01-18,80.6917288386019
38.09109031658131,-117.55576709871539,2024-01-19,80.30219854975184
35.50561338061395,-116.66567871226948,2024-01-19,23.82872778401939
35.420534030574984,-119.30174372621843,2024-01-19,68.60856644870648
38.5048456572956,-119.85013205063662,2024-01-19,48.21972537348601
35.36381503182097,-118.46035029204404,2024-01-19,31.85962899921207
39.10930029645178,-116.47659618631677,2024-01-19,28.474073147227625
38.531211135782485,-118.99073273938527,2024-01-19,46.98123307389243
35.4067439032095,-116.63283783337542,2024-01-19,11.968512385260878
35.42418857042596,-115.15043976946365,2024-01-19,59.997836009896616
39.93319789250587,-119.5304964210529,2024-01-19,40.36165483000018
36.871353978780604,-116.63698940887437,2024-01-19,59.46807119478196
36.85321073533446,-117.78124890347715,2024-01-19,90.60558257048098
39.06399783628751,-115.65928872811247,2024-01-19,39.80692946183783
39.73624288691929,-119.11425105276307,2024-01-19,34.00549746367849
39.93000531911436,-116.53687023886917,2024-01-19,26.827024147458943
38.76689092629471,-115.80942355175945,2024-01-19,16.613337948075856
36.88129792765458,-115.27692890262989,2024-01-19,6.2864502203271275
35.41750358349334,-116.58375985855177,2024-01-19,26.36041972690817
38.88573457963719,-117.51412617995787,2024-01-19,27.61515853289688
37.79202124867903,-116.91076379899393,2024-01-19,92.99726874549307
37.12111004623488,-115.65547507760641,2024-01-19,48.003345524893604
39.53177192547368,-117.14695126680586,2024-01-19,36.89481676261165
35.55598741153076,-119.84806470151581,2024-01-19,70.97958727021769
37.463125521454295,-115.3452565224651,2024-01-19,18.086423444142643
35.056768223837096,-116.55236624484219,2024-01-20,47.27545795165471
37.34330320997063,-116.61743307111377,2024-01-20,59.042845014613235
35.28151637840919,-118.92162423801142,2024-01-20,40.82904400546957
35.59408958134036,-116.70557264883672,2024-01-20,34.32226155280779
35.587631233885524,-118.0306779717292,2024-01-20,98.15972067802394
38.246051510580315,-116.74383511479255,2024-01-20,81.02123228515683
38.73022439632712,-119.46703484846005,2024-01-20,77.8190621545817
37.9168438254858,-116.71077347698483,2024-01-20,52.438361373311956
39.810862742372706,-115.00293137114667,2024-01-20,57.353171535414184
36.87435289761852,-119.75893980569722,2024-01-20,18.724456014814315
36.4285604314093,-115.11412907889341,2024-01-20,47.494455342142054
39.3429956409473,-117.96546019638565,2024-01-20,4.30295549145124
36.11797919259726,-115.64623274831371,2024-01-20,50.81215641109723
39.81611269720305,-116.08807257970864,2024-01-20,48.89859341977759
35.06077237344908,-117.16491869506666,2024-01-20,27.11912915310273
39.8493941335382,-116.30775395374337,2024-01-20,69.70105144371921
35.21579955975288,-115.60742219349326,2024-01-20,111.1788529800475
39.455715568490355,-117.97929839174483,2024-01-20,72.76675877892622
37.6385055454315,-118.3648341921838,2024-01-20,50.08234502430396
39.9648239805965,-116.66203307218208,2024-01-20,86.84905325995533
35.368982823676994,-115.96077029029371,2024-01-20,14.377628269747904
37.769271422006604,-116.18857432611692,2024-01-20,55.941157280671604
39.84651267809549,-116.01093175570682,2024-01-20,15.264725705925553
37.61548922085075,-117.82208342593533,2024-01-20,76.88306404153248
38.14699319067631,-115.9108289191249,2024-01-21,24.97847236535429
38.47874344492308,-119.39895472314696,2024-01-21,68.67157368038303
37.27270532383886,-117.27755451019576,2024-01-21,90.97537529816421
38.137790400420315,-119.97120669750939,2024-01-21,14.846767531823652
37.9215715596155,-118.37707085049865,2024-01-21,43.5927410710225
39.50579005245494,-118.16769232564302,2024-01-21,108.61453563780134
35.22723190170729,-118.01913654195373,2024-01-21,46.04639122476998
36.404815947961154,-116.5226639665507,2024-01-21,110.26211262309876
39.7520574203828,-118.05720949364827,2024-01-21,62.38002046403414
39.45131891945458,-117.75653188688734,2024-01-21,44.457330708492606
37.27828376392856,-118.81227934562837,2024-01-21,21.87997601531308
38.10066298900768,-118.1337410418533,2024-01-21,19.06994225286942
36.38690591490566,-118.86365186368424,2024-01-21,68.72247158036933
35.940605798618805,-119.63402038115778,2024-01-21,40.26551613383834
37.31849202469991,-116.98275703309311,2024-01-21,62.20525513265586
36.766761140130264,-116.65893600722492,2024-01-21,36.776857639809755
37.91828055925436,-116.90254826995192,2024-01-21,42.923286584041655
35.388673184824924,-117.68252978099714,2024-01-21,104.75133467578257
39.87197403833083,-118.10107109910385,2024-01-21,81.17678127061616
39.93105372239801,-115.68333175214087,2024-01-21,44.885290556932695
38.49080857009873,-117.40459107431892,2024-01-21,84.880840163019
37.6804818317206,-117.60409061185135,2024-01-21,91.72316382270064
36.547638081431636,-119.87178967096783,2024-01-21,44.45155327972172
39.06897509853474,-118.29376086186922,2024-01-21,74.36801807295059
38.423655862769394,-118.09902190607072,2024-01-22,20.730889547834995
35.81308469672446,-118.00588609551549,2024-01-22,13.85281369445862
39.55463592246921,-117.09913815386334,2024-01-22,81.04087580810237
39.11268621461585,-117.3319872663656,2024-01-22,39.35508096696449
39.74899956645962,-116.96047453603278,2024-01-22,90.11863745020847
38.6285975419418,-116.17558369228936,2024-01-22,112.37478625875195
38.06707597967895,-115.93507130641953,2024-01-22,7.508381461672981
37.091215181453094,-116.40938461886753,2024-01-22,114.61101494180016
39.66364241677007,-115.22238152022533,2024-01-22,31.989409429998506
39.33031944750204,-119.90883708661819,2024-01-22,39.18666205290436
35.226093350530945,-119.02111007158227,2024-01-22,66.77475195321996
35.13183487248626,-119.96218562510929,2024-01-22,110.45684692458916
36.882316834390245,-116.76262642922698,2024-01-22,1.6652920770690072
39.05276665390917,-115.50984725525007,2024-01-22,40.223017474946126
39.93638064657472,-118.7825885171185,2024-01-22,80.613779215771
35.75208445551764,-115.36482727601847,2024-01-22,53.0343405229353
37.970653576760675,-119.69866304855219,2024-01-22,63.82583799347649
36.904454283155104,-115.32781986597243,2024-01-22,13.490370756269812
39.84957198907301,-118.24188656380183,2024-01-22,31.023646449042086
39.210594615678545,-119.49289585775392,2024-01-22,40.79202090693418
39.19164352355569,-117.57064120406837,2024-01-22,73.4376707123797
37.343465798974854,-118.71611716139746,2024-01-22,29.760699654131965
37.07409751168833,-118.57563549019038,2024-01-22,22.149837909179254
36.36703535965353,-118.46355017536857,2024-01-22,98.48019837852455
35.28187748325463,-115.98487051083669,2024-01-23,0.9610371201947974
39.32361188127527,-117.30419361662373,2024-01-23,85.38048753060613
39.064505045650385,-118.44346150421998,2024-01-23,50.81501568088618
39.99858836643065,-116.94833108344541,2024-01-23,63.92162607617166
39.983184185369524,-116.41924662888403,2024-01-23,24.593337304682443
37.77715852801314,-118.63687999633233,2024-01-23,1.4316977768241288
38.84493707590255,-117.93225449237325,2024-01-23,88.85909156274231
39.72382864941214,-119.39056953331526,2024-01-23,93.48892492298164
39.24823695338706,-119.0942532523266,2024-01-23,86.88927330997431
36.23674050871599,-116.59441073017508,2024-01-23,13.007738233864695
37.25272067655047,-119.09280826152187,2024-01-23,71.03260022621437
35.64579707575747,-117.3741830816647,2024-01-23,71.98725301001198
39.77025513629361,-116.45476869138784,2024-01-23,53.67921204496359
38.0308731722544,-119.46561538452629,2024-01-23,56.442058725068506
36.14321402751732,-117.16343890185549,2024-01-23,89.20661629583013
38.35850342202929,-118.71718608149318,2024-01-23,79.3715336057744
38.090641202289476,-115.1853656238121,2024-01-23,7.089243875203373
36.790813590164205,-117.58227176640038,2024-01-23,35.49983566503623
35.567787960998146,-115.97003725112421,2024-01-23,9.0672604139563
38.357865977963996,-117.2488672892187,2024-01-23,34.70439217791038
37.60153850451897,-119.7829373357259,2024-01-23,48.7626568481173
38.8615919586782,-116.83424312202989,2024-01-23,7.40869407034988
37.60081750555997,-115.24298328896671,2024-01-23,44.209658267155625
39.2609075015927,-116.99194089926834,2024-01-23,10.493275658170742
37.759534193872426,-115.90405570286605,2024-01-24,88.67810463313481
37.804689857676934,-115.57896768325796,2024-01-24,92.77040039285747
39.383268013291726,-118.85960114025534,2024-01-24,7.798270383666644
37.017414331061985,-118.93977580045886,2024-01-24,92.62318964900123
35.6700761422532,-116.94509505574504,2024-01-24,42.4948498252648
35.1439133815667,-117.94485765096648,2024-01-24,30.098515482135586
38.7756862783681,-115.8006934856664,2024-01-24,7.818029990171974
38.101547756767324,-115.49988438300994,2024-01-24,59.392176258747675
38.52039884049612,-118.2328931034864,2024-01-24,90.67904615722081
36.06482080754456,-118.81564720512759,2024-01-24,77.65753826938267
35.68185737793385,-116.0973724237807,2024-01-24,3.8575196961435747
35.07272332833941,-118.62596982225932,2024-01-24,8.255183486876975
36.75293779403299,-115.88692840743161,2024-01-24,40.29470462379929
37.94958843427317,-117.88130873175619,2024-01-24,36.511480208045505
36.961220225498664,-116.66225050354265,2024-01-24,29.09271767353498
37.187374610118646,-119.52232343082666,2024-01-24,20.60026992982402
39.52079347246874,-116.88070337661713,2024-01-24,95.80607196140508
36.7412773351165,-117.74116160631385,2024-01-24,67.14773211799726
37.56994744579905,-117.06695768412263,2024-01-24,37.28167289999355
38.91826506370572,-119.15992896127568,2024-01-24,92.91080861126149
36.98271391160635,-116.31563127527909,2024-01-24,25.36152529395172
38.11043350113937,-115.68601461228386,2024-01-24,54.68487926769479
39.31181854373373,-118.91630099954612,2024-01-24,15.935334171784639
39.74760311828821,-119.5214272223992,2024-01-24,51.31234202764779
35.73536740464519,-119.88180706976831,2024-01-25,102.64402575303357
39.63293812580747,-116.79014249778368,2024-01-25,68.11219441836252
37.46058146539769,-116.96452981955609,2024-01-25,44.72625462291394
36.29122194149479,-117.26651293642965,2024-01-25,72.7692035720064
37.295678781191306,-118.84026451942012,2024-01-25,13.558981313299794
39.90016287642739,-118.04547002047242,2024-01-25,83.23222604418497
37.46309046996435,-117.02761832406914,2024-01-25,35.25464698669889
36.643758051437544,-117.51616570570415,2024-01-25,34.694093857766525
38.16700427158363,-115.06107239892556,2024-01-25,59.80113630856819
36.200728093890966,-119.31780123721633,2024-01-25,69.04348587300487
35.37931664054332,-116.52427722976203,2024-01-25,6.822067663928485
35.64439860955325,-117.97840615947854,2024-01-25,77.70965007298452
35.640229194788866,-117.85900192537193,2024-01-25,24.51051894226906
35.75951346756147,-116.41201117170912,2024-01-25,53.154181682294265
35.69413586324705,-116.53781924337815,2024-01-25,67.05383845739453
38.20437372401607,-115.04372003148906,2024-01-25,96.79651860303458
35.90940042199573,-119.35802855272938,2024-01-25,62.70596734633101
36.728336416619314,-119.47945175307918,2024-01-25,64.33758724743518
39.48394204953006,-116.37830591435629,2024-01-25,11.009083592593052
37.36980820131436,-117.10806541496795,2024-01-25,100.34014434359348
38.33778869260514,-118.62919666720097,2024-01-25,22.408753420942034
35.86159935600815,-119.60290315505506,2024-01-25,35.11974023523246
35.961445094043356,-119.57170875201784,2024-01-25,36.91167658079898
35.2043430813324,-115.5290456266794,2024-01-25,11.624924888243486
35.844675315360824,-119.04066337640629,2024-01-26,69.30244606258272
36.392951695159795,-118.3831421894224,2024-01-26,4.379213016388363
35.88505242138373,-118.86671798886506,2024-01-26,78.46828590892967
35.44351266878528,-118.22501847084031,2024-01-26,39.4576501174
35.603179355503,-119.65288078626953,2024-01-26,0.012016080119205626
37.30389384016363,-117.40470104545865,2024-01-26,56.33422001735914
36.031668592028964,-119.66193718203893,2024-01-26,3.8078521021957243
36.821349305240375,-115.99821746088818,2024-01-26,29.684837187023938
37.517086354274284,-118.83143959044783,2024-01-26,63.760103397771125
38.45197414314683,-117.29994042697744,2024-01-26,5.182707462388124
35.19656069920549,-115.59960456219271,2024-01-26,74.52563948115318
38.99705199454522,-116.74561315476403,2024-01-26,0.30838412909350693
38.13950194745454,-117.33521106724332,2024-01-26,30.634536250057142
35.40879515974436,-118.37833123442311,2024-01-26,69.51992643801135
39.367893120533886,-118.33499043470901,2024-01-26,26.79338183163608
39.604362002659066,-116.65256522400905,2024-01-26,9.873827909539271
35.305389799274316,-115.02930319389417,2024-01-26,32.14445428518824
36.384388240736016,-116.6908040507531,2024-01-26,31.004688156106877
39.0310063989653,-117.21108291314988,2024-01-26,108.09734791291272
38.74129845191829,-116.34674744880377,2024-01-26,30.169770280464807
35.922605096781886,-117.6739719385814,2024-01-26,95.98310553562845
36.04674661668355,-119.69928828699608,2024-01-26,92.71170092184018
36.85236051395691,-117.18851592061046,2024-01-26,34.45991360015185
37.42261492595511,-115.2118735774731,2024-01-26,101.40166581861764
38.09127385765148,-119.1234852882117,2024-01-27,38.0359500950086
36.844568197848865,-116.54997554589667,2024-01-27,105.11963155600894
37.31267358066574,-118.99533155670471,2024-01-27,11.016652679484778
38.73735469066878,-117.32086157763459,2024-01-27,66.24657079571422
35.18341601445299,-119.5166177517664,2024-01-27,61.26783262940505
36.262184721720104,-117.74814531870908,2024-01-27,44.59517318262639
38.56674792942276,-116.21918335552377,2024-01-27,62.838599949486905
39.476034188435996,-118.2621423788051,2024-01-27,74.74492709522303
37.55838721057833,-116.67544137756391,2024-01-27,0.3906647719756439
37.66056742632658,-116.02275019605135,2024-01-27,21.539592648791466
35.53586005669888,-115.36411090260273,2024-01-27,78.46435021636056
37.23706183411727,-118.82678959072273,2024-01-27,48.40011312657861
37.663086332275114,-118.00342042095346,2024-01-27,86.55526198910167
36.212352518173645,-119.23791993334791,2024-01-27,81.73459567551947
36.346216154746905,-115.03758248920812,2024-01-27,69.76769812530755
36.88642081552311,-115.36499516037853,2024-01-27,50.18461181232271
35.10035598888863,-117.30021434859721,2024-01-27,28.911497716713864
36.610395827915895,-115.7898335281179,2024-01-27,9.478777052576453
36.057240034982726,-117.39521011363979,2024-01-27,75.28800909601733
36.63748676088957,-116.8820715599862,2024-01-27,55.243266966082324
35.59881065909626,-119.55437783941991,2024-01-27,3.8492463512661548
39.45263640369947,-116.22364789751596,2024-01-27,40.09111581826857
37.96796226777025,-119.36143258182382,2024-01-27,96.5164800298145
38.395511595722446,-115.86966184873737,2024-01-27,41.03752399738837
38.94585619303669,-116.08985956164807,2024-01-28,38.58877889977065
37.49221099464528,-116.45627651128511,2024-01-28,48.291187101209715
35.43460144043712,-119.81919809737619,2024-01-28,15.52703846157783
37.68553270909274,-118.48435822027335,2024-01-28,29.071520873457676
37.9342055901044,-118.68443715044579,2024-01-28,27.512159639604462
38.72719737092165,-118.19931796264241,2024-01-28,6.216584834295954
37.158297731148394,-119.5617862661808,2024-01-28,88.38123224494589
35.637901513977816,-115.31521088484469,2024-01-28,47.980800717564456
36.41887952899362,-117.23098879643811,2024-01-28,92.88948946652101
36.81541148199317,-118.47237844670988,2024-01-28,93.67699349818074
38.229586206658006,-118.01509241462858,2024-01-28,20.906750840875972
37.85389152334456,-117.76398729747582,2024-01-28,71.34697099010323
36.78048362948923,-116.99702833319691,2024-01-28,34.14677414975443
39.932576243964895,-117.42160286151751,2024-01-28,94.43013759329521
38.028874096784435,-115.40304013392792,2024-01-28,25.17103941287665
36.186133958679974,-117.51518258547085,2024-01-28,67.79589411494489
35.50891236310202,-115.03920992588344,2024-01-28,55.579417602807844
35.76429569592166,-115.74287521127452,2024-01-28,25.586574912307785
36.22978864192254,-118.95744742821333,2024-01-28,14.830503710840093
35.80340686629778,-115.34702392678042,2024-01-28,72.70219166142319
35.93283512025653,-119.41816801057261,2024-01-28,90.2994893917086
36.425475843469236,-115.91275145754405,2024-01-28,28.576913891044068
35.86686797647378,-118.0968835326171,2024-01-28,74.9207391701047
39.48382712313212,-115.61012839777466,2024-01-28,40.96770571110142
35.401168728308214,-115.65971654946274,2024-01-29,87.70318554766384
37.62255694785127,-115.9703729994119,2024-01-29,20.253963297375023
37.051984134948306,-116.0498478184647,2024-01-29,89.96316052764374
39.91189308454303,-118.47660430450979,2024-01-29,30.0839168796089
35.56019451084026,-119.59540358474374,2024-01-29,42.28028042484547
36.98927799522871,-117.98509910617419,2024-01-29,7.428881829732843
39.847352166376844,-119.13237742506746,2024-01-29,8.29804760495177
39.3275356294699,-116.52524455548769,2024-01-29,37.76422572946937
39.0853603547464,-118.26950136731108,2024-01-29,33.78438363220056
36.2895141352247,-115.12194899570042,2024-01-29,85.04565223534784
35.854437936950326,-116.79513961327334,2024-01-29,1.5706377445348532
38.343216099622154,-115.8875971818282,2024-01-29,37.509618385242106
39.64687994563793,-119.33737663629076,2024-01-29,25.50988374736862
37.783814465069646,-115.68992758863689,2024-01-29,2.2436550453004074
37.8580634473495,-115.38621404743303,2024-01-29,14.281655898239238
36.39989546830142,-117.56469040590532,2024-01-29,36.69101498530308
38.847464665959684,-116.96873531124511,2024-01-29,43.55658961178098
35.93521874278762,-116.17595099548502,2024-01-29,48.62412311539859
36.618396182021215,-119.12580686369793,2024-01-29,39.47066915533329
37.127182193082085,-117.48716961768278,2024-01-29,73.12163220596543
37.53805189342228,-118.00668486113844,2024-01-29,0.8474913610021984
36.212048662075404,-119.26813003918875,2024-01-29,48.99874222553017
35.574184123696014,-118.16232788854234,2024-01-29,121.55472771873603
38.053100212208165,-119.65913845307253,2024-01-29,57.45030769985155
36.44315276620128,-119.87094046525256,2024-01-30,64.27558161261702
37.90619110711306,-119.32416855422589,2024-01-30,34.732917967476354
35.77181357637101,-115.18442444205414,2024-01-30,70.15363283683297
37.405700509274084,-117.25235232052492,2024-01-30,66.96244289296231
37.66294716275793,-115.1708891942339,2024-01-30,67.66474654880894
35.259117684112134,-117.83751060834933,2024-01-30,112.28786627041312
36.6830213909696,-118.4409193345737,2024-01-30,13.64519893070935
35.67207338469487,-117.46929068579878,2024-01-30,1.547616330991858
35.31687485236384,-117.80244155683545,2024-01-30,56.1827717992296
39.94980116194973,-119.47167657869129,2024-01-30,58.00495138344361
36.61176922487361,-116.79586842654896,2024-01-30,12.41150162732408
39.049372229273175,-118.919809087452,2024-01-30,30.733766838744806
36.27320327381882,-116.90206022551085,2024-01-30,1.794601924644149
38.40751361111965,-116.74899453800923,2024-01-30,35.328172839569454
38.80113929944843,-119.23987573435676,2024-01-30,55.67053832036488
37.978193703039224,-119.69325186444667,2024-01-30,47.65502288259636
37.35788094275079,-116.0961920696578,2024-01-30,29.318081028084986
37.05920457073634,-117.7009978811534,2024-01-30,35.99788691224652
36.744341332714974,-119.70918102247262,2024-01-30,0.1006320329039947
39.64764572123913,-115.02566841415117,2024-01-30,38.14898710014804
39.15309703893865,-119.71109719501817,2024-01-30,53.91163625300537
39.82513455333256,-116.52482385570724,2024-01-30,122.10403768902896
35.62148611742772,-115.08160537368293,2024-01-30,80.9397023756022
38.65433737601822,-118.80409947892038,2024-01-30,3.0468519500753954
39.69170228410519,-119.28875315656401,2024-01-31,92.770544491269
35.9061653308283,-119.39307530288785,2024-01-31,98.56549826702629
35.33248133683389,-118.48362426216202,2024-01-31,54.87678203370198
38.705603246450295,-119.49477094494677,2024-01-31,52.62111512741485
37.87236556589956,-116.53919329152934,2024-01-31,49.425506891264504
39.20914388379136,-119.68854100934969,2024-01-31,23.743514461088488
35.69886188313145,-117.45288935925105,2024-01-31,4.977538583090323
38.976336559299455,-115.01651573073512,2024-01-31,21.790624444392183
36.00813660023872,-115.93014865246991,2024-01-31,31.077171177742983
35.818279714328526,-116.92390280884494,2024-01-31,49.63880868214512
35.821328989654965,-118.46873189606694,2024-01-31,75.97577147369343
39.072873601156914,-116.88052081854181,2024-01-31,37.17870450148846
38.325986103481,-117.36479268044174,2024-01-31,4.051851591372422
37.615327123845596,-117.86958308054814,2024-01-31,113.60192104643392
36.794152420617515,-119.346448116299,2024-01-31,70.94422255225781
39.38600270406554,-115.56697892379766,2024-01-31,84.82480299623802
36.96222553711318,-117.7510767558934,2024-01-31,123.79404174493459
39.082997197357884,-119.02688744089618,2024-01-31,44.93020012120282
37.195674542851094,-118.16120324561355,2024-01-31,105.82400237844935
36.884722147124535,-117.92935123735536,2024-01-31,5.649353388479658
37.31339892834803,-115.86231052216563,2024-01-31,38.84455034420741
36.50688937082071,-116.33192809719299,2024-01-31,17.993517108571456
38.73804690088126,-116.1534755317933,2024-01-31,22.355759221515964
37.513601950462395,-119.94484367785677,2024-01-31,12.401061698831805
36.16106347573409,-117.9192300091012,2024-02-01,60.874208025162204
39.497872866372845,-117.59327924182338,2024-02-01,82.79342091162941
36.91945610686606,-119.90403861588472,2024-02-01,46.423716314518394
37.71776430556994,-118.70093395627482,2024-02-01,16.826975872602763
39.53236055482274,-116.19855088438932,2024-02-01,71.50739033721993
38.12118997956996,-119.314451471355,2024-02-01,69.79113963371957
35.58449020354182,-117.32344934273704,2024-02-01,30.85800255744913
39.699160618067374,-118.92399063991381,2024-02-01,75.02197834538606
38.138540265357086,-119.93939612678054,2024-02-01,20.19235165117721
36.67452807328543,-118.7939927120023,2024-02-01,32.97323949528244
35.696360363316934,-115.12063122544973,2024-02-01,77.83249339873905
38.97012594635148,-115.99231444058505,2024-02-01,33.37969831051103
38.10036377964257,-115.20211677839484,2024-02-01,40.28838144895215
37.66730545988161,-117.56072978036819,2024-02-01,109.40105037631395
39.46946291525479,-119.45131900661248,2024-02-01,87.41010677148051
38.942986056122656,-117.26020255513154,2024-02-01,5.087382845062869
35.758374398663754,-117.72811332720019,2024-02-01,15.736495684604277
36.55861033897774,-115.77821458630191,2024-02-01,0.5901821050249119
36.24244569907233,-119.50958709607877,2024-02-01,58.98628258534909
38.719731462863386,-117.5587943148911,2024-02-01,50.497250702660395
35.1676621736789,-119.24975667653008,2024-02-01,14.711877052295302
37.84944842435658,-118.3766203655497,2024-02-01,102.96071367426966
38.812293428703455,-116.313214613061,2024-02-01,46.0552116272418
39.383828183808745,-117.61990935315617,2024-02-01,22.419032604434992
36.710408743579535,-118.12055857427116,2024-02-02,38.13436244124388
39.10628652336006,-118.02761860714982,2024-02-02,76.89317499949072
35.55315868477604,-117.70276615797006,2024-02-02,7.641710526929937
39.23226145867259,-116.07491728081472,2024-02-02,30.911304444163417
35.637443311659915,-115.53957655529882,2024-02-02,68.54091438328555
36.98643645280184,-115.22332656748036,2024-02-02,41.12451230733869
38.986476828897764,-116.06548306872352,2024-02-02,49.22086777404022
35.74958713674387,-118.42296552125994,2024-02-02,30.96562376710454
36.14625697616321,-116.5593264695673,2024-02-02,3.9713149083573547
38.61126284196533,-117.81198437972304,2024-02-02,19.591337958759215
38.60018268273037,-118.72664688976974,2024-02-02,55.17494524615069
38.205738164426485,-115.79564210287039,2024-02-02,21.14720695090778
38.4697422223355,-119.80786825518838,2024-02-02,4.86446394297113
37.71362221673798,-115.49119003932289,2024-02-02,60.61578723624262
36.25899529453476,-117.69261267687632,2024-02-02,120.44360070033586
36.7284799675196,-116.8139926159586,2024-02-02,56.13913866384622
35.90798858400713,-116.7032303889711,2024-02-02,108.16174691509191
39.542252806668145,-115.52441129646732,2024-02-02,24.04114775991403
37.9169589738306,-116.81665158916397,2024-02-02,86.95217818910362
37.0042570838182,-116.93033207619969,2024-02-02,24.70494129275414
37.31002901822066,-119.66673979719656,2024-02-02,67.99246580228483
39.736416698059074,-117.40795989027399,2024-02-02,104.34211278209014
35.7667570155804,-119.2491549959148,2024-02-02,73.26186419233922
37.93114916008398,-116.31283115639258,2024-02-02,81.59115143958444
37.52944339442233,-117.43889039593662,2024-02-03,54.52389175631527
38.05727117717324,-116.59886110395823,2024-02-03,28.325310614579895
35.0905509191042,-119.79163549698808,2024-02-03,49.65491247918471
39.360619544720755,-119.57603991977098,2024-02-03,41.57479543597973
39.660591412418064,-116.41838305968659,2024-02-03,9.223712065576146
37.82566591794605,-119.63957832000663,2024-02-03,49.70750396524588
38.48325411938446,-119.6437163611737,2024-02-03,82.43348528297813
39.61249690588648,-119.93945762382556,2024-02-03,16.31283453733762
38.53619317156699,-115.2174930085026,2024-02-03,57.280221471897
35.76269521457131,-116.31245820270496,2024-02-03,70.25604803935396
37.88144180083407,-118.23374295748968,2024-02-03,121.90831109904592
38.03357523191428,-118.51732209356172,2024-02-03,85.36854106800853
37.12065335651193,-118.25148385127075,2024-02-03,40.10966660524658
38.68222117812361,-116.1267323440941,2024-02-03,74.68535789732188
39.671835073845074,-116.69314694464792,2024-02-03,85.7029771278757
39.62784256453388,-119.07402216066266,2024-02-03,19.606561133222865
37.25419685702066,-119.12945332332959,2024-02-03,40.73544219232463
35.56619022920378,-119.50802175143302,2024-02-03,51.18437955037376
39.92420599481167,-116.69848640149331,2024-02-03,20.624571444437397
39.19449043222967,-116.17813668889131,2024-02-03,47.01535142641152
35.62331340601634,-118.67476785837498,2024-02-03,50.797420390578175
39.60420941308686,-119.89527519484544,2024-02-03,15.601357699631253
39.34948181031064,-119.58914166261786,2024-02-03,47.351381537911394
37.59419028563036,-115.16069982577484,2024-02-03,77.90094723722552
37.956377178724644,-118.5227761126129,2024-02-04,42.5107125867333
36.99501351935065,-116.15388426080933,2024-02-04,1.5302241415795532
35.27380819411016,-116.87668215572869,2024-02-04,1.123993628050821
36.6759862082295,-118.09030180173552,2024-02-04,37.134038787705926
39.01426724299006,-118.97156368902222,2024-02-04,84.52950873554258
35.02316011502302,-119.39306790920297,2024-02-04,21.236941064632205
36.66749585845572,-116.92493515980567,2024-02-04,60.08130623736428
36.99084346795472,-116.12683109681106,2024-02-04,25.239979636226856
37.686978014689615,-116.78047873229434,2024-02-04,31.233621937272012
39.599278082063805,-117.3484893337542,2024-02-04,102.95552951564561
36.73172997182981,-119.79024388284182,2024-02-04,92.30715819766081
36.73476600948114,-115.15755611202808,2024-02-04,8.600890626834943
38.68750624054874,-116.00642904172713,2024-02-04,44.43139290835201
37.261089704449034,-118.53588981649517,2024-02-04,2.2082500579091096
36.12302411469991,-115.10014835320575,2024-02-04,39.44652564839443
37.26219758066347,-116.9905920518184,2024-02-04,62.80400801164692
35.704285101898996,-117.08788670896377,2024-02-04,9.761317421516114
35.88193493253112,-116.25963410285235,2024-02-04,35.41545315354281
37.491838863697396,-115.94115105954931,2024-02-04,31.6268879835863
37.09462724752274,-116.71760696334249,2024-02-04,89.5068274542234
39.5742295053405,-119.359521268169,2024-02-04,105.62467958508657
36.81196949558316,-118.30866247002751,2024-02-04,5.00814134031433
37.902941751390216,-115.35958179836975,2024-02-04,70.76168418129289
38.16132143959765,-118.87692194078075,2024-02-04,45.404587044134765
35.06547228294167,-118.13916488081243,2024-02-05,40.85456322995483
38.317686860083555,-117.83961558527902,2024-02-05,72.6888675925965
35.89017983434876,-117.80297505152774,2024-02-05,67.99518478783503
39.805351587347275,-116.93530208752738,2024-02-05,93.0781918017002
35.743313638765564,-115.28462081127647,2024-02-05,68.81849247703705
37.073120618635116,-118.79653644083747,2024-02-05,38.16641720292965
35.42674834039322,-119.39249311849541,2024-02-05,94.4505627933365
39.98437125922974,-119.01264755070031,2024-02-05,25.00995358844975
37.51097505165621,-115.56537549895366,2024-02-05,43.494452293654184
37.97692508660022,-116.77094593672398,2024-02-05,25.393949602857123
35.335382386942136,-118.5704660538042,2024-02-05,57.910377751413975
38.74980235199589,-115.92026530515692,2024-02-05,26.89569293603122
36.04952796547793,-115.69315001818282,2024-02-05,22.495999574976377
39.49027144720357,-115.76742830654861,2024-02-05,80.57104483188716
36.025698202410034,-115.40536733180222,2024-02-05,10.153821483325158
35.95343860331833,-118.7387948991332,2024-02-05,48.20115992915089
35.182748339240476,-116.22479035626861,2024-02-05,20.899600771034784
37.36033472555,-117.6973025136293,2024-02-05,3.265481248016054
37.824205666313084,-115.7900072355497,2024-02-05,2.816032843535272
35.32854319714176,-116.35754661419193,2024-02-05,14.333371110980714
38.877638083475055,-116.11776276750138,2024-02-05,63.55155318565423
37.26644417374014,-116.71919081159464,2024-02-05,23.1315754640055
37.6219513466379,-119.11285615265146,2024-02-05,67.05684659180469
37.20381373469114,-117.27486540551531,2024-02-05,62.60320866572146
37.00381530437663,-115.07665130237746,2024-02-06,38.85103281337381
37.79820165654109,-115.31305966751441,2024-02-06,74.47684132384451
35.776201229653566,-119.78413132101494,2024-02-06,42.174484205453226
35.909640652476355,-119.17592592135281,2024-02-06,68.85872818431868
39.30892810506759,-119.34135613272719,2024-02-06,25.840047791663686
39.73057731066817,-116.37010045007352,2024-02-06,24.892555651688774
36.866546581398765,-115.91107335071527,2024-02-06,107.60646414451789
36.35372336571777,-118.93244316844664,2024-02-06,68.068837831828
38.21999771619508,-117.47073653524086,2024-02-06,112.8289907323207
37.04367085549048,-115.796484859944,2024-02-06,51.81208739863144
35.126931778301724,-116.33599227616875,2024-02-06,79.69975497553963
35.78076298683095,-117.28881397254077,2024-02-06,48.879541138753076
38.579861144236986,-117.04826154770613,2024-02-06,54.34462391766667
38.29461970955076,-117.4581972654186,2024-02-06,19.08089395321722
35.135479962517415,-118.5122577434059,2024-02-06,64.33468350773478
36.109860809664745,-117.17489003570492,2024-02-06,13.529493095904494
36.155373982940354,-116.55557348974955,2024-02-06,24.28474605255404
38.35946371799364,-115.63338542069596,2024-02-06,83.30886318583946
35.09855268877182,-116.81854323010376,2024-02-06,21.324115610471736
35.52054290992287,-116.19439231478421,2024-02-06,8.771614812121523
38.99958042686595,-119.19964182522713,2024-02-06,5.263874186136054
35.89272331027167,-117.69221262790106,2024-02-06,112.29098257889628
38.26373053925937,-119.95334190086453,2024-02-06,41.87306795009721
36.190913905233636,-118.76660567739188,2024-02-06,38.33940120753339
35.49720696379673,-116.36769142443498,2024-02-07,72.16506865634456
36.21586095499727,-115.04095024325318,2024-02-07,78.57542408879658
38.6113346592783,-119.50410950206393,2024-02-07,26.2529676171311
39.278482340531426,-117.99252842069356,2024-02-07,69.51038183174936
39.15109932283496,-115.9996451565042,2024-02-07,91.06849058028583
36.985917648092276,-118.9798218268555,2024-02-07,63.16858067077029
38.34042568285323,-117.22457525348857,2024-02-07,15.07413134018086
36.024921477079104,-116.33464351985162,2024-02-07,105.91708603332545
36.46573865130507,-116.9200727486991,2024-02-07,60.57454370250574
39.481679092605596,-119.05987632692292,2024-02-07,28.085460653807175
35.06500961755368,-118.2230771565713,2024-02-07,36.340740153119086
35.427542654272344,-116.08104107757302,2024-02-07,4.624836096050913
36.03943127573014,-117.22886742933991,2024-02-07,13.377581265823999
35.132661019369095,-119.97385193228544,2024-02-07,63.74620259438566
35.907177175448986,-116.19504619985953,2024-02-07,0.0010023014247982575
37.915207804848464,-119.8234432252988,2024-02-07,49.233076028216644
37.10712275296249,-116.27133108634384,2024-02-07,37.95970301441768
39.46335855538487,-118.98759719917382,2024-02-07,7.076552273617003
39.0872178086922,-115.2096325994031,2024-02-07,75.72601379029695
36.70908675848938,-118.16029624348958,2024-02-07,26.629448727646256
36.297117167156465,-118.36534191830961,2024-02-07,28.499319128896847
36.898462040836336,-119.25555974833777,2024-02-07,30.25230125711033
37.95147471257404,-118.47197892254893,2024-02-07,28.304160341280777
36.34031820411438,-115.616746190859,2024-02-07,0.1396810038959013
38.12074453924567,-115.01832831186377,2024-02-08,74.5752318519431
37.047058260956206,-118.15845234746575,2024-02-08,70.53909439046576
37.7602359042599,-117.75694684522729,2024-02-08,15.732135215392255
37.18063264567658,-116.38964530898632,2024-02-08,56.1521355270973
36.47232879770959,-115.56902109767462,2024-02-08,82.22806869670818
39.74226653481078,-117.03477832906609,2024-02-08,65.56282932345258
38.81802897079881,-118.04237150911085,2024-02-08,32.468791308968356
35.700565878832265,-117.93689079575688,2024-02-08,28.674723545321505
39.342339879489565,-116.52190926751597,2024-02-08,35.41495355956097
37.437155991247565,-119.9839086819786,2024-02-08,80.32975485956594
39.47276113447046,-116.9020533127008,2024-02-08,65.91985343865302
38.99927627973658,-118.2225349477932,2024-02-08,13.580236896800216
37.12606752234617,-116.02901334361458,2024-02-08,46.89578000146351
35.11234654160059,-119.53504680088434,2024-02-08,77.24214307487759
36.34338679692473,-117.05898866525804,2024-02-08,97.77189175914133
37.708171073304335,-117.59513555056938,2024-02-08,119.9650968354852
38.16739109913074,-116.78837237047387,2024-02-08,87.75780740186502
36.28943842716601,-119.67573202758516,2024-02-08,31.506737906436143
35.696780370364124,-117.10008106285935,2024-02-08,70.46787041167664
39.174651183996495,-117.19257706020238,2024-02-08,76.7801328820971
39.92201090351776,-117.19669952791915,2024-02-08,8.300890500437378
37.628450911513426,-116.98256166701772,2024-02-08,49.131116102458314
35.858396429241516,-116.61766031386819,2024-02-08,60.82462723265467
36.361536632596845,-115.97505500159615,2024-02-08,12.936170994611073
35.09195338273734,-118.65089639935893,2024-02-09,78.5201722960675
39.5714940328025,-115.87475294909969,2024-02-09,61.3636567533382
35.5887554144507,-117.50872158868273,2024-02-09,87.18574991201446
37.88258237757127,-119.61470860432834,2024-02-09,4.179510321952888
36.37027610343603,-119.70724535378011,2024-02-09,24.359822844044228
37.77089001257897,-118.3288084065197,2024-02-09,65.24475237714489
38.25710194175932,-116.07551511444267,2024-02-09,36.79583494675128
39.14870901853601,-116.46159532629542,2024-02-09,57.036207256220614
36.03210635880301,-116.05692517663798,2024-02-09,70.49984786754759
35.0549791432924,-117.41365471779196,2024-02-09,8.042594329096467
35.68442815034403,-117.79900501022254,2024-02-09,55.23762127261016
39.500093209240525,-119.26273736646858,2024-02-09,57.87725800302916
39.36945038781258,-118.35903623195344,2024-02-09,46.49790101512336
37.987065510851544,-117.82990316913062,2024-02-09,80.91473358877006
38.002584302168266,-119.55699785160192,2024-02-09,105.10378907520537
38.325183372731274,-118.89694023644394,2024-02-09,51.45109643275727
35.87685639311725,-117.00887352968131,2024-02-09,75.84779636057722
39.5720597296248,-116.32168442880405,2024-02-09,33.90287599856391
37.09385262446037,-115.00826244303525,2024-02-09,113.85928427833792
36.91569264124749,-115.33443334328221,2024-02-09,70.70185680922404
37.594588526414185,-116.78717400232404,2024-02-09,80.30521059730512
35.234829833875274,-117.89375973352963,2024-02-09,103.31194453214029
35.831416843780396,-116.81911317645884,2024-02-09,21.656763525905095
38.690168082131855,-116.07174190959884,2024-02-09,58.36373087717146
35.413993339625634,-119.40831904538307,2024-02-10,23.962439298261515
38.01576054733194,-117.95047555151856,2024-02-10,30.699515992989213
36.226745548406605,-115.80098857182192,2024-02-10,26.08993199172884
36.946478070209885,-118.08083524033478,2024-02-10,96.00085787380769
36.443468683853496,-117.14063864386407,2024-02-10,90.70589116404598
36.778363582324744,-117.061153195689,2024-02-10,50.38482953422587
38.595229525921226,-119.0776187343318,2024-02-10,62.88585813754906
36.48560857811587,-118.18882279173856,2024-02-10,40.45125062763206
37.83202320148449,-118.32744355629033,2024-02-10,90.18209014734539
37.3802520109955,-119.86901645733968,2024-02-10,61.390186149528105
38.31835582681324,-119.87904118054323,2024-02-10,49.07123840407235
39.684148696623794,-115.84151478162113,2024-02-10,17.64414933682595
38.66286048605125,-118.63464595013593,2024-02-10,62.659223766587345
36.07470189295378,-117.40960616880592,2024-02-10,91.32881051685337
35.155915675306424,-118.50637213205613,2024-02-10,38.81019981513304
36.31132022149912,-115.2966037744233,2024-02-10,1.9959471810913891
37.975389653501274,-118.70351620567114,2024-02-10,105.12938569364272
35.25712906742125,-117.85171593630533,2024-02-10,1.3181849870729092
37.48183123600618,-115.63634874757699,2024-02-10,80.15303492415535
37.98421424458444,-115.79033216604095,2024-02-10,109.20325487704702
36.671219454084806,-119.06949291076862,2024-02-10,35.89715250129679
38.85456101872911,-115.98678345102145,2024-02-10,19.42299599936361
35.53299126566886,-117.70906556631054,2024-02-10,78.45043756346915
35.375688908679045,-117.58515563957323,2024-02-10,67.97146849446676
38.64094378101802,-119.33260013792028,2024-02-11,52.63233296175904
37.47745658103099,-119.59699243121437,2024-02-11,113.06587030777298
38.44201198213868,-116.36030346513117,2024-02-11,6.047159983096581
37.17413669301873,-117.5176942382235,2024-02-11,49.06396474036271
36.232010166195536,-117.8157464869241,2024-02-11,84.44089560356193
39.095511588371,-116.35245885673801,2024-02-11,103.79057906373828
38.997079394844896,-116.17243550504445,2024-02-11,19.590226511075883
38.473482354272136,-119.20545916165324,2024-02-11,66.96473235375204
36.36072568614981,-116.94887425261179,2024-02-11,47.77639029125786
37.951153334345435,-119.32322958861157,2024-02-11,35.24984290445592
36.804869484700134,-116.24312456985477,2024-02-11,10.14314338383653
35.45791036663317,-116.7152242186643,2024-02-11,74.75253478430079
39.58656787731121,-115.21692689458271,2024-02-11,12.986230207557513
35.684093154594805,-119.65520991821789,2024-02-11,30.148469263010693
39.75118676910401,-119.71472639424373,2024-02-11,36.11248234700635
37.23002886478978,-118.589064626534,2024-02-11,66.46171925232609
